{
  "colexified_mean": 0.3622653781359663,
  "colexified_std": 0.08314435047944595,
  "non_colexified_mean": 0.30745197147572906,
  "non_colexified_std": 0.08081206744624232,
  "U_statistic": 1954.0,
  "p_value": 0.0006121328541855588,
  "colexified_sims": [
    0.5538728499243445,
    0.4902545021358111,
    0.35115253566004706,
    0.3427673231625388,
    0.46637378210294334,
    0.5447362213270038,
    0.5589970989641568,
    0.3026056063513384,
    0.5369982450989121,
    0.38469462804760496,
    0.26600553496932305,
    0.29683307183127033,
    0.35658640081578113,
    0.3384207454344905,
    0.4564555252486087,
    0.3650371603509213,
    0.41814152759017675,
    0.44258511647687737,
    0.3554723047195597,
    0.22127525159653197,
    0.5010106449431562,
    0.38875643792727316,
    0.24648991163740766,
    0.365967869124514,
    0.3173863540093104,
    0.4247244864385179,
    0.33348986950326476,
    0.37686378397840137,
    0.2516922719301061,
    0.416360265397011,
    0.3164346948371711,
    0.36348340665617734,
    0.4382822642512355,
    0.44910093814345964,
    0.26338937159971143,
    0.3914172050166637,
    0.2923880687630768,
    0.3404929996170896,
    0.25315433719479447,
    0.4282340593371831,
    0.30177881721909167,
    0.27095557918362584,
    0.338341050219874,
    0.23278587993155134,
    0.38643919058302617,
    0.3581004387943457,
    0.3741953833728817,
    0.3203875260784271,
    0.4396483965799318,
    0.46491297096648115,
    0.33313405735695617,
    0.33861314183008584,
    0.35838680392038735,
    0.24803361106426158,
    0.3903341453971592,
    0.4413986272634344,
    0.2682329958423655,
    0.3010056160443218,
    0.31326320534902263,
    0.3065884766426492,
    0.41070940139445855,
    0.3286857531531483,
    0.3352537975243643,
    0.23755220741244917,
    0.24012783359973988
  ],
  "non_colexified_sims": [
    0.31476085215595595,
    0.42552762219669127,
    0.27865475342206075,
    0.25653435775996947,
    0.25996435438910276,
    0.24240407622452323,
    0.3697900860867602,
    0.38320074098330015,
    0.26859959801460837,
    0.37197131108730397,
    0.239115002730214,
    0.27328181647239846,
    0.31156295643630605,
    0.2652095260349571,
    0.3070882084310477,
    0.2535298093624994,
    0.27459896128651096,
    0.24712931148126616,
    0.2918661950116462,
    0.3092715247725764,
    0.26498524020326897,
    0.3346370221875238,
    0.21967578187901923,
    0.4256096991664129,
    0.4783987154563268,
    0.3835965398144215,
    0.21421605422564433,
    0.18909232297264938,
    0.2204101247356293,
    0.19024635143313848,
    0.2211115744942469,
    0.24742584617425364,
    0.516723225514094,
    0.4165923559496589,
    0.4242371916770935,
    0.26909253117463267,
    0.21200838373273823,
    0.25656642643272454,
    0.24815826244810793,
    0.2746690663885563,
    0.40937557161277066,
    0.40601491172474324,
    0.3654097117853503,
    0.39557276940937586
  ],
  "colexified_count": 65,
  "non_colexified_count": 44
}