{
  "raw_ratio": 2.0916088695601367,
  "centered_ratio": 2.5163041830470005,
  "improvement_factor": 1.2030471947540444,
  "num_concepts": 101,
  "num_languages": 141
}