{
  "raw_ratio": 2.253688888566739,
  "centered_ratio": 2.6899683100550136,
  "improvement_factor": 1.1935845820164341,
  "raw_ci_95": [
    1.9946813973056925,
    2.488489752706434
  ],
  "centered_ci_95": [
    2.4427757982902003,
    2.91820551955925
  ],
  "num_concepts": 101,
  "num_languages": 135
}