{
  "comparison": {
    "swadesh_mean": 0.778224,
    "non_swadesh_mean": 0.568867,
    "swadesh_std": 0.100174,
    "non_swadesh_std": 0.067711,
    "U_statistic": 5742.0,
    "p_value": 1.2718443532626804e-21,
    "effect_size_d": 2.3389,
    "swadesh_sims": [
      0.935997,
      0.922328,
      0.921096,
      0.920301,
      0.919109,
      0.917193,
      0.916656,
      0.916393,
      0.906669,
      0.905503,
      0.902348,
      0.900869,
      0.898589,
      0.898246,
      0.895161,
      0.893095,
      0.885239,
      0.875715,
      0.873204,
      0.872794,
      0.86871,
      0.866543,
      0.860673,
      0.860411,
      0.858708,
      0.855832,
      0.849981,
      0.848352,
      0.848104,
      0.841979,
      0.840647,
      0.83765,
      0.833492,
      0.825172,
      0.823162,
      0.821972,
      0.820288,
      0.818616,
      0.816509,
      0.815774,
      0.813494,
      0.803058,
      0.801621,
      0.800591,
      0.799745,
      0.797789,
      0.795048,
      0.79089,
      0.789077,
      0.788074,
      0.784736,
      0.784047,
      0.782597,
      0.78197,
      0.781902,
      0.779103,
      0.774176,
      0.773722,
      0.769947,
      0.768735,
      0.767229,
      0.766591,
      0.766103,
      0.764657,
      0.756578,
      0.752832,
      0.752525,
      0.744125,
      0.742132,
      0.741218,
      0.734752,
      0.734047,
      0.733323,
      0.730373,
      0.721714,
      0.714594,
      0.708637,
      0.705117,
      0.701168,
      0.700192,
      0.700127,
      0.698552,
      0.694368,
      0.691335,
      0.677273,
      0.676443,
      0.67447,
      0.662374,
      0.660568,
      0.650097,
      0.648026,
      0.648005,
      0.634501,
      0.618631,
      0.61391,
      0.593017,
      0.571189,
      0.566244,
      0.54517,
      0.533488,
      0.455525
    ],
    "non_swadesh_sims": [
      0.7397,
      0.7079,
      0.6863,
      0.6818,
      0.6676,
      0.6546,
      0.6425,
      0.6291,
      0.6267,
      0.6246,
      0.6241,
      0.6238,
      0.6228,
      0.6214,
      0.6178,
      0.6138,
      0.6118,
      0.6091,
      0.6065,
      0.6034,
      0.6025,
      0.602,
      0.5997,
      0.5975,
      0.5969,
      0.5873,
      0.5851,
      0.584,
      0.5837,
      0.5679,
      0.5607,
      0.5598,
      0.5592,
      0.5509,
      0.5489,
      0.5476,
      0.5474,
      0.5459,
      0.5413,
      0.5413,
      0.5406,
      0.536,
      0.5345,
      0.5331,
      0.5245,
      0.5224,
      0.517,
      0.5164,
      0.5124,
      0.5091,
      0.5022,
      0.4953,
      0.4811,
      0.4728,
      0.4691,
      0.4593,
      0.4545,
      0.4517,
      0.4461,
      0.429
    ]
  },
  "swadesh": {
    "num_concepts": 101,
    "num_languages": 141,
    "description": "Swadesh-100 core vocabulary convergence scores (40-language subset)"
  },
  "non_swadesh": {
    "num_concepts": 60,
    "num_languages": 40,
    "description": "Frequency-matched non-loanword concrete nouns",
    "categories": {
      "tools_implements": [
        "hammer",
        "needle",
        "rope",
        "basket",
        "broom",
        "axe",
        "bucket",
        "ladder",
        "pot",
        "bowl"
      ],
      "food_agriculture": [
        "wheat",
        "bean",
        "milk",
        "honey",
        "salt",
        "harvest",
        "corn",
        "field",
        "goat",
        "sheep"
      ],
      "animals": [
        "cow",
        "pig",
        "chicken",
        "donkey",
        "rabbit",
        "wolf",
        "bear",
        "snake",
        "frog",
        "spider"
      ],
      "landscape_geography": [
        "hill",
        "valley",
        "lake",
        "island",
        "cave",
        "forest",
        "desert",
        "well",
        "fence",
        "mud"
      ],
      "weather_nature": [
        "thunder",
        "lightning",
        "rainbow",
        "fog",
        "dew",
        "frost",
        "dust",
        "shadow",
        "bee",
        "ant"
      ],
      "domestic_abstract": [
        "candle",
        "bell",
        "mirror",
        "grave",
        "dream",
        "hunger",
        "thirst",
        "anger",
        "fear",
        "worm"
      ]
    },
    "convergence_ranking": [
      {
        "concept": "valley",
        "mean_similarity": 0.7397,
        "n_languages": 40
      },
      {
        "concept": "cow",
        "mean_similarity": 0.7079,
        "n_languages": 40
      },
      {
        "concept": "bucket",
        "mean_similarity": 0.6863,
        "n_languages": 40
      },
      {
        "concept": "basket",
        "mean_similarity": 0.6818,
        "n_languages": 40
      },
      {
        "concept": "cave",
        "mean_similarity": 0.6676,
        "n_languages": 40
      },
      {
        "concept": "shadow",
        "mean_similarity": 0.6546,
        "n_languages": 40
      },
      {
        "concept": "snake",
        "mean_similarity": 0.6425,
        "n_languages": 40
      },
      {
        "concept": "thunder",
        "mean_similarity": 0.6291,
        "n_languages": 40
      },
      {
        "concept": "wolf",
        "mean_similarity": 0.6267,
        "n_languages": 40
      },
      {
        "concept": "desert",
        "mean_similarity": 0.6246,
        "n_languages": 40
      },
      {
        "concept": "chicken",
        "mean_similarity": 0.6241,
        "n_languages": 40
      },
      {
        "concept": "mud",
        "mean_similarity": 0.6238,
        "n_languages": 40
      },
      {
        "concept": "dream",
        "mean_similarity": 0.6228,
        "n_languages": 40
      },
      {
        "concept": "ladder",
        "mean_similarity": 0.6214,
        "n_languages": 40
      },
      {
        "concept": "worm",
        "mean_similarity": 0.6178,
        "n_languages": 40
      },
      {
        "concept": "hunger",
        "mean_similarity": 0.6138,
        "n_languages": 40
      },
      {
        "concept": "rope",
        "mean_similarity": 0.6118,
        "n_languages": 40
      },
      {
        "concept": "lake",
        "mean_similarity": 0.6091,
        "n_languages": 40
      },
      {
        "concept": "pig",
        "mean_similarity": 0.6065,
        "n_languages": 40
      },
      {
        "concept": "bowl",
        "mean_similarity": 0.6034,
        "n_languages": 40
      },
      {
        "concept": "spider",
        "mean_similarity": 0.6025,
        "n_languages": 40
      },
      {
        "concept": "field",
        "mean_similarity": 0.602,
        "n_languages": 40
      },
      {
        "concept": "hammer",
        "mean_similarity": 0.5997,
        "n_languages": 40
      },
      {
        "concept": "bee",
        "mean_similarity": 0.5975,
        "n_languages": 40
      },
      {
        "concept": "milk",
        "mean_similarity": 0.5969,
        "n_languages": 40
      },
      {
        "concept": "rabbit",
        "mean_similarity": 0.5873,
        "n_languages": 40
      },
      {
        "concept": "grave",
        "mean_similarity": 0.5851,
        "n_languages": 40
      },
      {
        "concept": "frog",
        "mean_similarity": 0.584,
        "n_languages": 40
      },
      {
        "concept": "lightning",
        "mean_similarity": 0.5837,
        "n_languages": 40
      },
      {
        "concept": "hill",
        "mean_similarity": 0.5679,
        "n_languages": 40
      },
      {
        "concept": "rainbow",
        "mean_similarity": 0.5607,
        "n_languages": 40
      },
      {
        "concept": "fear",
        "mean_similarity": 0.5598,
        "n_languages": 40
      },
      {
        "concept": "candle",
        "mean_similarity": 0.5592,
        "n_languages": 40
      },
      {
        "concept": "bear",
        "mean_similarity": 0.5509,
        "n_languages": 40
      },
      {
        "concept": "needle",
        "mean_similarity": 0.5489,